metric,mean,std
MCC,0.18527101494209744,0.06408102420597173
