metric,mean,std
MCC,4.7956641079345784e-05,8.634519752117655e-05
