metric,mean,std
MCC,-0.0008357460200773744,0.002277337383055755
