metric,mean,std
MCC,-0.00020350580823403751,0.00034519970121119623
